{
"nodes": [
{
    "rank" : 0, 
    "id" : 0, 
    "x" :1835.558960, 
    "y" :-199.695999 
},
{
    "rank" : 1, 
    "id" : 2, 
    "x" :1995.581055, 
    "y" :-199.699997 
},
{
    "rank" : 2, 
    "id" : 3, 
    "x" :2422.437012, 
    "y" :-199.695999 
},
{
    "rank" : 3, 
    "id" : 5, 
    "x" :2582.437012, 
    "y" :-199.695999 
}
]
}